image,predicted_class_index,predicted_label,class_probabilities
Kuih Talam.jpg,5,Kuih Talam,"[6.583813956240192e-06, 6.068406037229579e-06, 5.533156127057737e-06, 6.973404651944293e-06, 6.605845101148589e-06, 0.9999560713768005, 5.911014341108967e-06, 6.2323533711605705e-06]"
Kuih Ubi Kayu.jpg,6,Kuih Ubi Kayu,"[6.177556315378752e-06, 5.73606075704447e-06, 5.262716513243504e-06, 5.648003934766166e-06, 6.215269877429819e-06, 6.670752554782666e-06, 0.9999588131904602, 5.485176188813057e-06]"
Kuih Ketayap.jpg,2,Kuih Ketayap,"[5.695013442164054e-06, 6.934867087693419e-06, 0.9999599456787109, 4.543172053672606e-06, 5.210247763898224e-06, 5.613536359305726e-06, 4.905973128188634e-06, 7.151878889999352e-06]"
Kuih Lapis.jpg,3,Kuih Lapis,"[2.9208305932115763e-05, 1.5045862710394431e-05, 1.1608703971432988e-05, 0.999885231256485, 1.3981126357975882e-05, 1.5746290955576114e-05, 1.3685493286175188e-05, 1.5480567526537925e-05]"
Onde-Onde.jpg,7,Onde-Onde,"[6.938603746675653e-06, 6.599598691536812e-06, 6.427013886423083e-06, 6.075360488466686e-06, 6.377497356879758e-06, 6.3597385633329395e-06, 6.124779702076921e-06, 0.9999551177024841]"
Kuih Seri Muka.png,4,Kuih Seri Muka,"[7.160509539971827e-06, 8.081207852228545e-06, 6.392194791260408e-06, 6.984937499510124e-06, 0.9999540448188782, 7.194323188741691e-06, 5.606488684861688e-06, 4.5697379391640425e-06]"
Kuih Kaswi Pandan.jpg,1,Kuih Kaswi Pandan,"[1.1097339665866457e-05, 0.9999486207962036, 9.296622010879219e-06, 1.0043899237643927e-05, 7.022512363619171e-06, 5.66846392757725e-06, 5.013099780626362e-06, 3.224401552870404e-06]"
Kek Lapis.jpg,0,Kek Lapis,"[0.9999059736728668, 1.0990716873493511e-05, 1.160837655334035e-05, 1.8830201952368952e-05, 1.3734256754105445e-05, 1.321437957813032e-05, 1.4255716450861655e-05, 1.1432111932663247e-05]"
