image,predicted_class_index,predicted_label,class_probabilities
Kek Lapis.jpg,0,Kek Lapis,"[0.9999059736728668, 1.099070595955709e-05, 1.1608365639403928e-05, 1.8830183762474917e-05, 1.3734243111684918e-05, 1.3214366845204495e-05, 1.4255702808441129e-05, 1.1432090104790404e-05]"
Kuih Kaswi Pandan.jpg,1,Kuih Kaswi Pandan,"[1.1097381502622738e-05, 0.9999486207962036, 9.29664838622557e-06, 1.0043927431979682e-05, 7.02253237250261e-06, 5.668479843734531e-06, 5.013118880015099e-06, 3.2244106478174217e-06]"
Kuih Ketayap.jpg,2,Kuih Ketayap,"[5.695013896911405e-06, 6.934867997188121e-06, 0.9999600052833557, 4.543172508419957e-06, 5.2102482186455745e-06, 5.613537268800428e-06, 4.905973582935985e-06, 7.151879799494054e-06]"
Kuih Lapis.jpg,3,Kuih Lapis,"[2.9208389605628327e-05, 1.5045891814224888e-05, 1.1608737622736953e-05, 0.999885231256485, 1.3981139090901706e-05, 1.574632005940657e-05, 1.3685532394447364e-05, 1.5480596630368382e-05]"
Kuih Seri Muka.png,4,Kuih Seri Muka,"[7.1605018092668615e-06, 8.081198757281527e-06, 6.392187970050145e-06, 6.9849365900154226e-06, 0.9999539852142334, 7.194315458036726e-06, 5.6064823183987755e-06, 4.569732936943183e-06]"
Kuih Talam.jpg,5,Kuih Talam,"[6.583813956240192e-06, 6.068406037229579e-06, 5.533161584025947e-06, 6.973404651944293e-06, 6.605845101148589e-06, 0.9999560713768005, 5.911014341108967e-06, 6.232359737623483e-06]"
Kuih Ubi Kayu.jpg,6,Kuih Ubi Kayu,"[6.177568138809875e-06, 5.736071670980891e-06, 5.262726517685223e-06, 5.648014393955236e-06, 6.215287612576503e-06, 6.670765287708491e-06, 0.9999588131904602, 5.485186193254776e-06]"
Onde-Onde.jpg,7,Onde-Onde,"[6.938590559002478e-06, 6.599585958610987e-06, 6.427001608244609e-06, 6.0753491197829135e-06, 6.377485078701284e-06, 6.359726285154466e-06, 6.124768333393149e-06, 0.9999551177024841]"
